id,img_num,number_of_houses
0,2000000000611.jpg,9
1,2000000000530.jpg,10
2,2000000002787.jpg,10
3,2000000000049.jpg,2
4,2000000001883.jpg,9
5,2000000001011.jpg,3
6,2000000000858.jpg,11
7,2000000001017.jpg,2
8,2000000000048.jpg,12
9,2000000000719.jpg,6
10,2000000002390.jpg,16
11,2000000002652.jpg,2
12,2000000002246.jpg,10
13,2000000001159.jpg,17
14,2000000000632.jpg,1
15,2000000001338.jpg,15
16,2000000002127.jpg,1
17,2000000002602.jpg,10
18,2000000001436.jpg,4
19,2000000000025.jpg,7
20,2000000002965.jpg,10
21,2000000000219.jpg,4
22,2000000002818.jpg,10
23,2000000000276.jpg,1
24,2000000002157.jpg,15
25,2000000001480.jpg,8
26,2000000001235.jpg,8
27,2000000001593.jpg,15
28,2000000000999.jpg,6
29,2000000002140.jpg,1
30,2000000000361.jpg,21
31,2000000001457.jpg,17
32,2000000001993.jpg,15
33,2000000001671.jpg,4
34,2000000002334.jpg,12
35,2000000001650.jpg,4
36,2000000001835.jpg,3
37,2000000001114.jpg,1
38,2000000001846.jpg,14
39,2000000001317.jpg,11
40,2000000002629.jpg,11
41,2000000000297.jpg,13
42,2000000001313.jpg,4
43,2000000000937.jpg,14
44,2000000000240.jpg,15
45,2000000001432.jpg,12
46,2000000000582.jpg,12
47,2000000002906.jpg,5
48,2000000001954.jpg,14
49,2000000001334.jpg,12
50,2000000001729.jpg,16
51,2000000001672.jpg,15
52,2000000000350.jpg,12
53,2000000002745.jpg,5
54,2000000001220.jpg,16
55,2000000000349.jpg,16
56,2000000001518.jpg,14
57,2000000002547.jpg,5
58,2000000000643.jpg,1
59,2000000002835.jpg,11
60,2000000000944.jpg,11
61,2000000001462.jpg,4
62,2000000000657.jpg,10
63,2000000002702.jpg,13
64,2000000002893.jpg,6
65,2000000001236.jpg,13
66,2000000002467.jpg,4
67,2000000000647.jpg,10
68,2000000001125.jpg,11
69,2000000001110.jpg,3
70,2000000002650.jpg,1
71,2000000001940.jpg,13
72,2000000000538.jpg,2
73,2000000001048.jpg,7
74,2000000002983.jpg,6
75,2000000002375.jpg,16
76,2000000002209.jpg,5
77,2000000002338.jpg,11
78,2000000002162.jpg,1
79,2000000000801.jpg,12
80,2000000000786.jpg,11
81,2000000002694.jpg,5
82,2000000002040.jpg,18
83,2000000000788.jpg,5
84,2000000002183.jpg,1
85,2000000002468.jpg,12
86,2000000002013.jpg,22
87,2000000000714.jpg,8
88,2000000000803.jpg,7
89,2000000002008.jpg,1
90,2000000002761.jpg,8
91,2000000000123.jpg,15
92,2000000001808.jpg,1
93,2000000002286.jpg,1
94,2000000002147.jpg,1
95,2000000000618.jpg,15
96,2000000000406.jpg,9
97,2000000001157.jpg,4
98,2000000001068.jpg,7
99,2000000001133.jpg,1
100,2000000002905.jpg,1
101,2000000000497.jpg,6
102,2000000001061.jpg,4
103,2000000000325.jpg,12
104,2000000000342.jpg,22
105,2000000002356.jpg,4
106,2000000002266.jpg,20
107,2000000000782.jpg,2
108,2000000002367.jpg,7
109,2000000000299.jpg,12
110,2000000001461.jpg,1
111,2000000002373.jpg,5
112,2000000000303.jpg,2
113,2000000001237.jpg,9
114,2000000002571.jpg,7
115,2000000001656.jpg,5
116,2000000000664.jpg,15
117,2000000001690.jpg,15
118,2000000000220.jpg,2
119,2000000001626.jpg,8
120,2000000001188.jpg,11
121,2000000001455.jpg,12
122,2000000000449.jpg,5
123,2000000002002.jpg,1
124,2000000002616.jpg,12
125,2000000000084.jpg,21
126,2000000000941.jpg,4
127,2000000000961.jpg,13
128,2000000000841.jpg,10
129,2000000001326.jpg,20
130,2000000002378.jpg,1
131,2000000002430.jpg,15
132,2000000001373.jpg,3
133,2000000000290.jpg,3
134,2000000001867.jpg,3
135,2000000001554.jpg,4
136,2000000000604.jpg,2
137,2000000002032.jpg,22
138,2000000000916.jpg,1
139,2000000002632.jpg,4
140,2000000002337.jpg,4
141,2000000002098.jpg,1
142,2000000002437.jpg,18
143,2000000000821.jpg,3
144,2000000002469.jpg,10
145,2000000001000.jpg,13
146,2000000001703.jpg,8
147,2000000000018.jpg,1
148,2000000001777.jpg,6
149,2000000001208.jpg,7
150,2000000002560.jpg,14
151,2000000001936.jpg,1
152,2000000001718.jpg,7
153,2000000001427.jpg,4
154,2000000002241.jpg,4
155,2000000002310.jpg,11
156,2000000001357.jpg,4
157,2000000002057.jpg,8
158,2000000000360.jpg,14
159,2000000002270.jpg,21
160,2000000002084.jpg,4
161,2000000001564.jpg,15
162,2000000000344.jpg,4
163,2000000000986.jpg,9
164,2000000001260.jpg,9
165,2000000001713.jpg,2
166,2000000001720.jpg,7
167,2000000002646.jpg,13
168,2000000002886.jpg,2
169,2000000001575.jpg,2
170,2000000000085.jpg,6
171,2000000002063.jpg,2
172,2000000000668.jpg,1
173,2000000001014.jpg,13
174,2000000000128.jpg,13
175,2000000001873.jpg,10
176,2000000001146.jpg,2
177,2000000000891.jpg,15
178,2000000002471.jpg,1
179,2000000000307.jpg,6
180,2000000000383.jpg,9
181,2000000001833.jpg,3
182,2000000001127.jpg,17
183,2000000000426.jpg,6
184,2000000000494.jpg,7
185,2000000001565.jpg,9
186,2000000002791.jpg,5
187,2000000002611.jpg,2
188,2000000001251.jpg,1
189,2000000001295.jpg,13
190,2000000000275.jpg,1
191,2000000000489.jpg,9
192,2000000001957.jpg,19
193,2000000000690.jpg,9
194,2000000002051.jpg,5
195,2000000002238.jpg,1
196,2000000001242.jpg,11
197,2000000002673.jpg,5
198,2000000002079.jpg,1
199,2000000001058.jpg,3
200,2000000000118.jpg,1
201,2000000001995.jpg,7
202,2000000002285.jpg,4
203,2000000000281.jpg,9
204,2000000002807.jpg,6
205,2000000002335.jpg,14
206,2000000002762.jpg,14
207,2000000002945.jpg,2
208,2000000001179.jpg,19
209,2000000001602.jpg,10
210,2000000002116.jpg,21
211,2000000000304.jpg,3
212,2000000001844.jpg,14
213,2000000001356.jpg,5
214,2000000002436.jpg,1
215,2000000000575.jpg,6
216,2000000001871.jpg,9
217,2000000002845.jpg,15
218,2000000002623.jpg,12
219,2000000001417.jpg,14
220,2000000001795.jpg,3
221,2000000000843.jpg,9
222,2000000002812.jpg,14
223,2000000000269.jpg,1
224,2000000000629.jpg,14
225,2000000001033.jpg,6
226,2000000000286.jpg,6
227,2000000002211.jpg,6
228,2000000000300.jpg,14
229,2000000001510.jpg,4
230,2000000001811.jpg,8
231,2000000000065.jpg,11
232,2000000002397.jpg,12
233,2000000000890.jpg,1
234,2000000001767.jpg,8
235,2000000001731.jpg,13
236,2000000001376.jpg,3
237,2000000000230.jpg,10
238,2000000000503.jpg,11
239,2000000002459.jpg,7
240,2000000001350.jpg,14
241,2000000001444.jpg,19
242,2000000002551.jpg,2
243,2000000001004.jpg,16
244,2000000000836.jpg,7
245,2000000001588.jpg,9
246,2000000000374.jpg,12
247,2000000001352.jpg,10
248,2000000002110.jpg,10
249,2000000001786.jpg,6
250,2000000001803.jpg,2
251,2000000002071.jpg,6
252,2000000000751.jpg,6
253,2000000000099.jpg,19
254,2000000001723.jpg,1
255,2000000000866.jpg,9
256,2000000000910.jpg,2
257,2000000002009.jpg,2
258,2000000000529.jpg,10
259,2000000000636.jpg,3
260,2000000000185.jpg,1
261,2000000001187.jpg,2
262,2000000001971.jpg,1
263,2000000000931.jpg,8
264,2000000001381.jpg,3
265,2000000002295.jpg,10
266,2000000002382.jpg,12
267,2000000002401.jpg,1
268,2000000001999.jpg,3
269,2000000000607.jpg,2
270,2000000002896.jpg,14
271,2000000000151.jpg,14
272,2000000001283.jpg,7
273,2000000002262.jpg,2
274,2000000000731.jpg,9
275,2000000001337.jpg,9
276,2000000001598.jpg,7
277,2000000002840.jpg,12
278,2000000000023.jpg,11
279,2000000002857.jpg,1
280,2000000000158.jpg,10
281,2000000000861.jpg,16
282,2000000000902.jpg,3
283,2000000002655.jpg,18
284,2000000002937.jpg,2
285,2000000000444.jpg,4
286,2000000002938.jpg,6
287,2000000000754.jpg,13
288,2000000000923.jpg,10
289,2000000002970.jpg,8
290,2000000002102.jpg,8
291,2000000000311.jpg,10
292,2000000000548.jpg,20
293,2000000001945.jpg,17
294,2000000001456.jpg,3
295,2000000000306.jpg,9
296,2000000000287.jpg,25
297,2000000000694.jpg,3
298,2000000000308.jpg,4
299,2000000002320.jpg,20
300,2000000000749.jpg,8
301,2000000002815.jpg,1
302,2000000001239.jpg,11
303,2000000000908.jpg,14
304,2000000001880.jpg,12
305,2000000002380.jpg,2
306,2000000001406.jpg,12
307,2000000002494.jpg,13
308,2000000000970.jpg,3
309,2000000000013.jpg,4
310,2000000000873.jpg,4
311,2000000000808.jpg,16
312,2000000002578.jpg,8
313,2000000000514.jpg,13
314,2000000002413.jpg,12
315,2000000000409.jpg,7
316,2000000002833.jpg,4
317,2000000002259.jpg,16
318,2000000002823.jpg,4
319,2000000001225.jpg,2
320,2000000001655.jpg,8
321,2000000001610.jpg,6
322,2000000000382.jpg,9
323,2000000002106.jpg,16
324,2000000002187.jpg,9
325,2000000001621.jpg,15
326,2000000002831.jpg,11
327,2000000000552.jpg,1
328,2000000000222.jpg,14
329,2000000001096.jpg,10
330,2000000002754.jpg,5
331,2000000000008.jpg,17
332,2000000001476.jpg,7
333,2000000000316.jpg,17
334,2000000000427.jpg,9
335,2000000001985.jpg,9
336,2000000000105.jpg,11
337,2000000002015.jpg,9
338,2000000000142.jpg,7
339,2000000000121.jpg,4
340,2000000002371.jpg,6
341,2000000002865.jpg,13
342,2000000001189.jpg,5
343,2000000002961.jpg,9
344,2000000002600.jpg,5
345,2000000001657.jpg,12
346,2000000000115.jpg,12
347,2000000001405.jpg,9
348,2000000001511.jpg,12
349,2000000002492.jpg,9
350,2000000002797.jpg,11
351,2000000002948.jpg,2
352,2000000001596.jpg,3
353,2000000002889.jpg,7
354,2000000000672.jpg,12
355,2000000001431.jpg,3
356,2000000002172.jpg,10
357,2000000000591.jpg,7
358,2000000001402.jpg,3
359,2000000000888.jpg,14
360,2000000001754.jpg,14
361,2000000001366.jpg,10
362,2000000002396.jpg,5
363,2000000000213.jpg,9
364,2000000002007.jpg,10
365,2000000002148.jpg,20
366,2000000000800.jpg,13
367,2000000002480.jpg,3
368,2000000002439.jpg,7
369,2000000002283.jpg,5
370,2000000002662.jpg,3
371,2000000002711.jpg,12
372,2000000000273.jpg,5
373,2000000000071.jpg,3
374,2000000001789.jpg,12
375,2000000001087.jpg,1
376,2000000000394.jpg,1
377,2000000000583.jpg,3
378,2000000002080.jpg,4
379,2000000001980.jpg,14
380,2000000000500.jpg,8
381,2000000002014.jpg,8
382,2000000002223.jpg,5
383,2000000002979.jpg,3
384,2000000002740.jpg,1
385,2000000002318.jpg,1
386,2000000001259.jpg,12
387,2000000001742.jpg,11
388,2000000000205.jpg,9
389,2000000000733.jpg,7
390,2000000002502.jpg,13
391,2000000000526.jpg,11
392,2000000001375.jpg,8
393,2000000000898.jpg,19
394,2000000000377.jpg,2
395,2000000001726.jpg,7
396,2000000002682.jpg,6
397,2000000002722.jpg,11
398,2000000000386.jpg,9
399,2000000000198.jpg,7
400,2000000001050.jpg,4
401,2000000000590.jpg,5
402,2000000000519.jpg,3
403,2000000002950.jpg,15
404,2000000000429.jpg,4
405,2000000001083.jpg,8
406,2000000000207.jpg,2
407,2000000000491.jpg,19
408,2000000001609.jpg,15
409,2000000002912.jpg,4
410,2000000000792.jpg,18
411,2000000002019.jpg,13
412,2000000001186.jpg,11
413,2000000001185.jpg,9
414,2000000002181.jpg,16
415,2000000001340.jpg,15
416,2000000002232.jpg,6
417,2000000000083.jpg,5
418,2000000002369.jpg,6
419,2000000002226.jpg,1
420,2000000000020.jpg,8
421,2000000001378.jpg,3
422,2000000001558.jpg,5
423,2000000001938.jpg,13
424,2000000002837.jpg,11
425,2000000001937.jpg,2
426,2000000000973.jpg,11
427,2000000002789.jpg,2
428,2000000000883.jpg,13
429,2000000001098.jpg,2
430,2000000000156.jpg,8
431,2000000002276.jpg,6
432,2000000000886.jpg,11
433,2000000002998.jpg,9
434,2000000001591.jpg,11
435,2000000002478.jpg,6
436,2000000002717.jpg,3
437,2000000002534.jpg,22
438,2000000002117.jpg,8
439,2000000001472.jpg,16
440,2000000002648.jpg,2
441,2000000000458.jpg,2
442,2000000002498.jpg,10
443,2000000000078.jpg,3
444,2000000002914.jpg,19
445,2000000001056.jpg,16
446,2000000000906.jpg,14
447,2000000001563.jpg,7
448,2000000002426.jpg,3
449,2000000002696.jpg,1
450,2000000000380.jpg,4
451,2000000000947.jpg,6
452,2000000001712.jpg,7
453,2000000002756.jpg,7
454,2000000000715.jpg,16
455,2000000001913.jpg,8
456,2000000000686.jpg,11
457,2000000002670.jpg,12
458,2000000001293.jpg,13
459,2000000000305.jpg,17
460,2000000000209.jpg,12
461,2000000002011.jpg,1
462,2000000002221.jpg,6
463,2000000002975.jpg,19
464,2000000001537.jpg,9
465,2000000000885.jpg,14
466,2000000001859.jpg,1
467,2000000000917.jpg,23
468,2000000001886.jpg,12
469,2000000001660.jpg,22
470,2000000000191.jpg,5
471,2000000001747.jpg,5
472,2000000002131.jpg,3
473,2000000001265.jpg,14
474,2000000000483.jpg,1
475,2000000000915.jpg,11
476,2000000002599.jpg,4
477,2000000000277.jpg,11
478,2000000000988.jpg,19
479,2000000001987.jpg,6
480,2000000001894.jpg,12
481,2000000001869.jpg,4
482,2000000000571.jpg,12
483,2000000000993.jpg,11
484,2000000002795.jpg,3
485,2000000002946.jpg,8
486,2000000000585.jpg,11
487,2000000002328.jpg,7
488,2000000002993.jpg,11
489,2000000001349.jpg,3
490,2000000002900.jpg,15
491,2000000000674.jpg,13
492,2000000002590.jpg,6
493,2000000000855.jpg,11
494,2000000000447.jpg,4
495,2000000001419.jpg,13
496,2000000002229.jpg,3
497,2000000001616.jpg,9
498,2000000002258.jpg,7
499,2000000002821.jpg,5
500,2000000002753.jpg,6
501,2000000001716.jpg,2
502,2000000002671.jpg,9
503,2000000001247.jpg,13
504,2000000000294.jpg,22
505,2000000000588.jpg,2
506,2000000001281.jpg,11
507,2000000001422.jpg,7
508,2000000002349.jpg,9
509,2000000001426.jpg,4
510,2000000002252.jpg,16
511,2000000000425.jpg,6
512,2000000000534.jpg,15
513,2000000001054.jpg,11
514,2000000001864.jpg,14
515,2000000002504.jpg,14
516,2000000001425.jpg,1
517,2000000000132.jpg,9
518,2000000001837.jpg,7
519,2000000001825.jpg,6
520,2000000000421.jpg,9
521,2000000002658.jpg,3
522,2000000002028.jpg,1
523,2000000002989.jpg,4
524,2000000001368.jpg,13
525,2000000000556.jpg,3
526,2000000002043.jpg,7
527,2000000001486.jpg,10
528,2000000002679.jpg,13
529,2000000000570.jpg,5
530,2000000000352.jpg,5
531,2000000000091.jpg,3
532,2000000002562.jpg,3
533,2000000002533.jpg,24
534,2000000001170.jpg,5
535,2000000002248.jpg,11
536,2000000001285.jpg,7
537,2000000001702.jpg,3
538,2000000001468.jpg,7
539,2000000001907.jpg,6
540,2000000001477.jpg,4
541,2000000000697.jpg,21
542,2000000002506.jpg,18
543,2000000000348.jpg,1
544,2000000001644.jpg,10
545,2000000002346.jpg,10
546,2000000002431.jpg,15
547,2000000002168.jpg,1
548,2000000001137.jpg,11
549,2000000001797.jpg,13
550,2000000001544.jpg,1
551,2000000002836.jpg,1
552,2000000002820.jpg,6
553,2000000001339.jpg,11
554,2000000002490.jpg,3
555,2000000000453.jpg,11
556,2000000000913.jpg,1
557,2000000001199.jpg,13
558,2000000001274.jpg,1
559,2000000001866.jpg,4
560,2000000000037.jpg,21
561,2000000000974.jpg,6
562,2000000002770.jpg,6
563,2000000000983.jpg,4
564,2000000001805.jpg,8
565,2000000001961.jpg,6
566,2000000001418.jpg,15
567,2000000001284.jpg,4
568,2000000000039.jpg,8
569,2000000002540.jpg,11
570,2000000000169.jpg,11
571,2000000001355.jpg,7
572,2000000000737.jpg,6
573,2000000001590.jpg,4
574,2000000002699.jpg,15
575,2000000001897.jpg,12
576,2000000000634.jpg,15
577,2000000002647.jpg,11
578,2000000001918.jpg,12
579,2000000001290.jpg,5
580,2000000001380.jpg,9
581,2000000000579.jpg,13
582,2000000000328.jpg,10
583,2000000001642.jpg,5
584,2000000000892.jpg,1
585,2000000001849.jpg,10
586,2000000000780.jpg,13
587,2000000000159.jpg,9
588,2000000001545.jpg,14
589,2000000001933.jpg,16
590,2000000002978.jpg,3
591,2000000000061.jpg,10
592,2000000000849.jpg,1
593,2000000002129.jpg,5
594,2000000002892.jpg,4
595,2000000001043.jpg,7
596,2000000002496.jpg,12
597,2000000002260.jpg,21
598,2000000002121.jpg,11
599,2000000001070.jpg,2
600,2000000000053.jpg,1
601,2000000000258.jpg,9
602,2000000000505.jpg,2
603,2000000000752.jpg,18
604,2000000001978.jpg,7
605,2000000002947.jpg,6
606,2000000002410.jpg,5
607,2000000001517.jpg,11
608,2000000002997.jpg,16
609,2000000002273.jpg,4
610,2000000001389.jpg,1
611,2000000001266.jpg,1
612,2000000002466.jpg,9
613,2000000001711.jpg,23
614,2000000000771.jpg,22
615,2000000002802.jpg,1
616,2000000001807.jpg,12
617,2000000002685.jpg,3
618,2000000001085.jpg,16
619,2000000002257.jpg,9
620,2000000001532.jpg,11
621,2000000001325.jpg,7
622,2000000002119.jpg,3
623,2000000001812.jpg,18
624,2000000001714.jpg,11
625,2000000002034.jpg,18
626,2000000002423.jpg,1
627,2000000002434.jpg,9
628,2000000001681.jpg,3
629,2000000002227.jpg,11
630,2000000001163.jpg,2
631,2000000000963.jpg,12
632,2000000002902.jpg,2
633,2000000001662.jpg,15
634,2000000000398.jpg,13
635,2000000000584.jpg,15
636,2000000000948.jpg,6
637,2000000000704.jpg,7
638,2000000000431.jpg,12
639,2000000000292.jpg,9
640,2000000000145.jpg,3
641,2000000000323.jpg,1
642,2000000002108.jpg,8
643,2000000001165.jpg,4
644,2000000001452.jpg,4
645,2000000000002.jpg,15
646,2000000000576.jpg,5
647,2000000002657.jpg,2
648,2000000000339.jpg,2
649,2000000002539.jpg,11
650,2000000002935.jpg,2
651,2000000000925.jpg,11
652,2000000000265.jpg,9
653,2000000000376.jpg,7
654,2000000002022.jpg,3
655,2000000001463.jpg,5
656,2000000000271.jpg,5
657,2000000000696.jpg,5
658,2000000002973.jpg,1
659,2000000000244.jpg,14
660,2000000002813.jpg,16
661,2000000000476.jpg,18
662,2000000002785.jpg,6
663,2000000002843.jpg,9
664,2000000002298.jpg,1
665,2000000002448.jpg,10
666,2000000002783.jpg,10
667,2000000002953.jpg,2
668,2000000002982.jpg,6
669,2000000002159.jpg,3
670,2000000000250.jpg,3
671,2000000000413.jpg,12
672,2000000000545.jpg,1
673,2000000001193.jpg,1
674,2000000000738.jpg,1
675,2000000000310.jpg,16
676,2000000001979.jpg,11
677,2000000000893.jpg,15
678,2000000001131.jpg,16
679,2000000001449.jpg,12
680,2000000002907.jpg,3
681,2000000000015.jpg,11
682,2000000001950.jpg,14
683,2000000000721.jpg,15
684,2000000001420.jpg,9
685,2000000002633.jpg,9
686,2000000000981.jpg,1
687,2000000001874.jpg,5
688,2000000001539.jpg,10
689,2000000002530.jpg,5
690,2000000001550.jpg,9
691,2000000002422.jpg,6
692,2000000000363.jpg,10
693,2000000002768.jpg,7
694,2000000000182.jpg,6
695,2000000000985.jpg,12
696,2000000001990.jpg,2
697,2000000001194.jpg,11
698,2000000001769.jpg,1
699,2000000001675.jpg,7
700,2000000001121.jpg,5
701,2000000000187.jpg,1
702,2000000000619.jpg,11
703,2000000001612.jpg,5
704,2000000001175.jpg,1
705,2000000001182.jpg,15
706,2000000002384.jpg,6
707,2000000002715.jpg,1
708,2000000000614.jpg,11
709,2000000001513.jpg,14
710,2000000001466.jpg,3
711,2000000000401.jpg,3
712,2000000000994.jpg,1
713,2000000000934.jpg,1
714,2000000000371.jpg,15
715,2000000001922.jpg,15
716,2000000002306.jpg,1
717,2000000000593.jpg,3
718,2000000001910.jpg,7
719,2000000000726.jpg,14
720,2000000000826.jpg,3
721,2000000001674.jpg,24
722,2000000000687.jpg,13
723,2000000002215.jpg,16
724,2000000000136.jpg,2
725,2000000002764.jpg,12
726,2000000000628.jpg,1
727,2000000000334.jpg,4
728,2000000000390.jpg,13
729,2000000002309.jpg,1
730,2000000001109.jpg,16
731,2000000001737.jpg,12
732,2000000002698.jpg,3
733,2000000000710.jpg,12
734,2000000001039.jpg,15
735,2000000002714.jpg,1
736,2000000001850.jpg,19
737,2000000002595.jpg,8
738,2000000001561.jpg,19
739,2000000002757.jpg,2
740,2000000001594.jpg,6
741,2000000002750.jpg,12
742,2000000001112.jpg,2
743,2000000000465.jpg,1
744,2000000001560.jpg,1
745,2000000001223.jpg,8
746,2000000001953.jpg,5
747,2000000002966.jpg,10
748,2000000002348.jpg,9
749,2000000001508.jpg,2
750,2000000001104.jpg,2
751,2000000001988.jpg,17
752,2000000000338.jpg,4
753,2000000000215.jpg,14
754,2000000001615.jpg,17
755,2000000001916.jpg,13
756,2000000002514.jpg,7
757,2000000002804.jpg,9
758,2000000001592.jpg,14
759,2000000002240.jpg,10
760,2000000001684.jpg,2
761,2000000002522.jpg,16
762,2000000000816.jpg,6
763,2000000001067.jpg,8
764,2000000002003.jpg,6
765,2000000000274.jpg,14
766,2000000002244.jpg,12
767,2000000000865.jpg,5
768,2000000000101.jpg,2
769,2000000001501.jpg,11
770,2000000002149.jpg,9
771,2000000000171.jpg,1
772,2000000000107.jpg,3
773,2000000001862.jpg,6
774,2000000001521.jpg,11
775,2000000002987.jpg,6
776,2000000002202.jpg,13
777,2000000002054.jpg,4
778,2000000001764.jpg,5
779,2000000002033.jpg,25
780,2000000001962.jpg,11
781,2000000002250.jpg,2
782,2000000002340.jpg,10
783,2000000002575.jpg,1
784,2000000001924.jpg,9
785,2000000000295.jpg,4
786,2000000000712.jpg,7
787,2000000000072.jpg,14
788,2000000001952.jpg,15
789,2000000002269.jpg,10
790,2000000002561.jpg,8
791,2000000002885.jpg,14
792,2000000000481.jpg,7
793,2000000002218.jpg,5
794,2000000001530.jpg,5
795,2000000002115.jpg,3
796,2000000001514.jpg,6
797,2000000002960.jpg,9
798,2000000001490.jpg,13
799,2000000001171.jpg,9
800,2000000002452.jpg,7
801,2000000002429.jpg,4
802,2000000002073.jpg,2
803,2000000002216.jpg,19
804,2000000002271.jpg,14
805,2000000000405.jpg,3
806,2000000000757.jpg,16
807,2000000001956.jpg,3
808,2000000002184.jpg,1
809,2000000001951.jpg,1
810,2000000000097.jpg,2
811,2000000001333.jpg,15
812,2000000002389.jpg,1
813,2000000000743.jpg,6
814,2000000000806.jpg,10
815,2000000002769.jpg,12
816,2000000001896.jpg,3
817,2000000002499.jpg,14
818,2000000001535.jpg,11
819,2000000002050.jpg,7
820,2000000002010.jpg,15
821,2000000000148.jpg,2
822,2000000002554.jpg,3
823,2000000002053.jpg,7
824,2000000001902.jpg,1
825,2000000001315.jpg,14
826,2000000000692.jpg,8
827,2000000000818.jpg,3
828,2000000001728.jpg,1
829,2000000001386.jpg,16
830,2000000002281.jpg,3
831,2000000002733.jpg,10
832,2000000001599.jpg,2
833,2000000002610.jpg,10
834,2000000002457.jpg,1
835,2000000000701.jpg,13
836,2000000001878.jpg,10
837,2000000002656.jpg,13
838,2000000000921.jpg,14
839,2000000001424.jpg,19
840,2000000001708.jpg,12
841,2000000000905.jpg,3
842,2000000000454.jpg,4
843,2000000002185.jpg,15
844,2000000002304.jpg,16
845,2000000001771.jpg,3
846,2000000000167.jpg,1
847,2000000000730.jpg,4
848,2000000002188.jpg,7
849,2000000001310.jpg,7
850,2000000000026.jpg,16
851,2000000002059.jpg,6
852,2000000001652.jpg,3
853,2000000001622.jpg,6
854,2000000000587.jpg,10
855,2000000002016.jpg,12
856,2000000000997.jpg,12
857,2000000001176.jpg,13
858,2000000001700.jpg,11
859,2000000001040.jpg,5
860,2000000000033.jpg,8
861,2000000001809.jpg,1
862,2000000002626.jpg,8
863,2000000001379.jpg,7
864,2000000000041.jpg,2
865,2000000001791.jpg,13
866,2000000002189.jpg,14
867,2000000002606.jpg,12
868,2000000001972.jpg,11
869,2000000002289.jpg,14
870,2000000001925.jpg,9
871,2000000000609.jpg,18
872,2000000001132.jpg,8
873,2000000000028.jpg,11
874,2000000000441.jpg,6
875,2000000002355.jpg,9
876,2000000002798.jpg,3
877,2000000000493.jpg,9
878,2000000001258.jpg,11
879,2000000001301.jpg,7
880,2000000002365.jpg,3
881,2000000001382.jpg,7
882,2000000001304.jpg,10
883,2000000000236.jpg,1
884,2000000000551.jpg,8
885,2000000000520.jpg,3
886,2000000002446.jpg,8
887,2000000001232.jpg,10
888,2000000001138.jpg,9
889,2000000000720.jpg,11
890,2000000000735.jpg,1
891,2000000002653.jpg,10
892,2000000001750.jpg,10
893,2000000000058.jpg,7
894,2000000000631.jpg,11
895,2000000001181.jpg,2
896,2000000002203.jpg,3
897,2000000000592.jpg,6
898,2000000001303.jpg,1
899,2000000001387.jpg,18
900,2000000002615.jpg,9
901,2000000002630.jpg,13
902,2000000001845.jpg,1
903,2000000000939.jpg,1
904,2000000002788.jpg,8
905,2000000001249.jpg,9
906,2000000000904.jpg,16
907,2000000002543.jpg,7
908,2000000001279.jpg,2
909,2000000002402.jpg,2
910,2000000002959.jpg,1
911,2000000002126.jpg,8
912,2000000002387.jpg,3
913,2000000002042.jpg,10
914,2000000001142.jpg,24
915,2000000002381.jpg,9
916,2000000000706.jpg,5
917,2000000002641.jpg,20
918,2000000001022.jpg,12
919,2000000000745.jpg,5
920,2000000001546.jpg,15
921,2000000002357.jpg,15
922,2000000002046.jpg,3
923,2000000000513.jpg,4
924,2000000000081.jpg,6
925,2000000002661.jpg,13
926,2000000001308.jpg,2
927,2000000002495.jpg,4
928,2000000000914.jpg,5
929,2000000001404.jpg,2
930,2000000001647.jpg,8
931,2000000002760.jpg,4
932,2000000001108.jpg,18
933,2000000000150.jpg,5
934,2000000002726.jpg,8
935,2000000000774.jpg,2
936,2000000000329.jpg,3
937,2000000000006.jpg,2
938,2000000000943.jpg,2
939,2000000000822.jpg,7
940,2000000000734.jpg,12
941,2000000000909.jpg,13
942,2000000000468.jpg,21
943,2000000000181.jpg,2
944,2000000000164.jpg,3
945,2000000001523.jpg,13
946,2000000000451.jpg,8
947,2000000000490.jpg,10
948,2000000002004.jpg,3
949,2000000001143.jpg,15
950,2000000001311.jpg,6
951,2000000002242.jpg,17
952,2000000001111.jpg,5
953,2000000002854.jpg,13
954,2000000001977.jpg,10
955,2000000001441.jpg,11
956,2000000001889.jpg,13
957,2000000001006.jpg,5
958,2000000001627.jpg,6
959,2000000001632.jpg,1
960,2000000001074.jpg,13
961,2000000000578.jpg,11
962,2000000002727.jpg,13
963,2000000002345.jpg,3
964,2000000002263.jpg,4
965,2000000002302.jpg,9
966,2000000000327.jpg,10
967,2000000001790.jpg,6
968,2000000000442.jpg,10
969,2000000001858.jpg,4
970,2000000002170.jpg,4
971,2000000002832.jpg,6
972,2000000000832.jpg,21
973,2000000002374.jpg,3
974,2000000002103.jpg,1
975,2000000001414.jpg,1
976,2000000001201.jpg,8
977,2000000002314.jpg,4
978,2000000001499.jpg,11
979,2000000002877.jpg,4
980,2000000000086.jpg,1
981,2000000001403.jpg,8
982,2000000002926.jpg,1
983,2000000001481.jpg,6
984,2000000000777.jpg,1
985,2000000000799.jpg,1
986,2000000001666.jpg,9
987,2000000000054.jpg,10
988,2000000002362.jpg,6
989,2000000001287.jpg,1
990,2000000001667.jpg,17
991,2000000002586.jpg,8
992,2000000002154.jpg,8
993,2000000001701.jpg,8
994,2000000001245.jpg,23
995,2000000000113.jpg,5
996,2000000002806.jpg,2
997,2000000000987.jpg,6
998,2000000000501.jpg,13
999,2000000002891.jpg,19
1000,2000000001009.jpg,5
1001,2000000001198.jpg,15
1002,2000000001394.jpg,13
1003,2000000000589.jpg,13
1004,2000000000768.jpg,15
1005,2000000000017.jpg,2
1006,2000000001042.jpg,13
1007,2000000001447.jpg,13
1008,2000000002463.jpg,4
1009,2000000000285.jpg,16
1010,2000000002638.jpg,3
1011,2000000000428.jpg,6
1012,2000000001328.jpg,3
1013,2000000001948.jpg,3
1014,2000000000669.jpg,14
1015,2000000000031.jpg,5
1016,2000000001341.jpg,6
1017,2000000000722.jpg,14
1018,2000000000951.jpg,6
1019,2000000001914.jpg,14
1020,2000000002293.jpg,8
1021,2000000000214.jpg,11
1022,2000000000989.jpg,16
1023,2000000001164.jpg,14
1024,2000000002792.jpg,13
1025,2000000002005.jpg,7
1026,2000000000326.jpg,1
1027,2000000000560.jpg,5
1028,2000000001383.jpg,1
1029,2000000001724.jpg,3
1030,2000000001086.jpg,1
1031,2000000002683.jpg,15
1032,2000000000341.jpg,12
1033,2000000001653.jpg,4
1034,2000000000147.jpg,8
1035,2000000002339.jpg,4
1036,2000000002412.jpg,1
1037,2000000001107.jpg,16
1038,2000000000848.jpg,14
1039,2000000000966.jpg,1
1040,2000000001072.jpg,19
1041,2000000002464.jpg,2
1042,2000000001905.jpg,12
1043,2000000000155.jpg,11
1044,2000000000665.jpg,16
1045,2000000000661.jpg,10
1046,2000000001002.jpg,12
1047,2000000002341.jpg,11
1048,2000000002516.jpg,16
1049,2000000000176.jpg,6
1050,2000000002654.jpg,4
1051,2000000001879.jpg,17
1052,2000000001524.jpg,13
1053,2000000002817.jpg,17
1054,2000000001203.jpg,8
1055,2000000000024.jpg,5
1056,2000000002810.jpg,17
1057,2000000002809.jpg,10
1058,2000000002077.jpg,5
1059,2000000002299.jpg,18
1060,2000000000875.jpg,3
1061,2000000002899.jpg,13
1062,2000000000938.jpg,5
1063,2000000002697.jpg,4
1064,2000000001552.jpg,12
1065,2000000000346.jpg,3
1066,2000000002507.jpg,2
1067,2000000002971.jpg,2
1068,2000000002037.jpg,1
1069,2000000001926.jpg,6
1070,2000000000385.jpg,7
1071,2000000001829.jpg,6
1072,2000000002161.jpg,14
1073,2000000002508.jpg,5
1074,2000000002196.jpg,11
1075,2000000000243.jpg,10
1076,2000000002086.jpg,1
1077,2000000001826.jpg,6
1078,2000000000936.jpg,5
1079,2000000001689.jpg,2
1080,2000000002580.jpg,12
1081,2000000000312.jpg,7
1082,2000000001459.jpg,10
1083,2000000002925.jpg,15
1084,2000000002107.jpg,11
1085,2000000001332.jpg,7
1086,2000000000968.jpg,2
1087,2000000001454.jpg,1
1088,2000000000660.jpg,15
1089,2000000001934.jpg,14
1090,2000000000935.jpg,14
1091,2000000000370.jpg,10
1092,2000000000566.jpg,19
1093,2000000001973.jpg,8
1094,2000000001854.jpg,4
1095,2000000001024.jpg,3
1096,2000000000824.jpg,7
1097,2000000000982.jpg,7
1098,2000000002672.jpg,12
1099,2000000002956.jpg,1
1100,2000000001645.jpg,4
1101,2000000002582.jpg,8
1102,2000000002245.jpg,3
1103,2000000002118.jpg,11
1104,2000000000813.jpg,13
1105,2000000001792.jpg,5
1106,2000000001430.jpg,8
1107,2000000000778.jpg,3
1108,2000000001749.jpg,6
1109,2000000001320.jpg,8
1110,2000000002399.jpg,8
1111,2000000002871.jpg,1
1112,2000000001052.jpg,5
1113,2000000002321.jpg,1
1114,2000000001013.jpg,1
1115,2000000001928.jpg,6
1116,2000000001401.jpg,4
1117,2000000001822.jpg,1
1118,2000000002247.jpg,17
1119,2000000002493.jpg,4
1120,2000000002591.jpg,10
1121,2000000000126.jpg,1
1122,2000000002091.jpg,10
1123,2000000002134.jpg,21
1124,2000000000887.jpg,12
1125,2000000002456.jpg,5
1126,2000000001347.jpg,4
1127,2000000001007.jpg,15
1128,2000000000355.jpg,9
1129,2000000001003.jpg,5
1130,2000000001483.jpg,4
1131,2000000000682.jpg,17
1132,2000000000827.jpg,3
1133,2000000002850.jpg,9
1134,2000000002204.jpg,13
1135,2000000002691.jpg,22
1136,2000000000984.jpg,3
1137,2000000001233.jpg,15
1138,2000000002553.jpg,1
1139,2000000001639.jpg,10
1140,2000000000140.jpg,11
1141,2000000000217.jpg,9
1142,2000000002465.jpg,12
1143,2000000000362.jpg,16
1144,2000000002664.jpg,7
1145,2000000000345.jpg,9
1146,2000000002058.jpg,11
1147,2000000000022.jpg,12
1148,2000000000711.jpg,1
1149,2000000002949.jpg,11
1150,2000000000010.jpg,6
1151,2000000002416.jpg,5
1152,2000000001834.jpg,3
1153,2000000000793.jpg,18
1154,2000000002765.jpg,9
1155,2000000000094.jpg,8
1156,2000000000129.jpg,12
1157,2000000001900.jpg,1
1158,2000000002409.jpg,6
1159,2000000001932.jpg,6
1160,2000000002669.jpg,16
1161,2000000001865.jpg,8
1162,2000000001658.jpg,8
1163,2000000000516.jpg,20
1164,2000000001857.jpg,17
1165,2000000001277.jpg,1
1166,2000000000950.jpg,1
1167,2000000001120.jpg,2
1168,2000000000419.jpg,13
1169,2000000000922.jpg,2
1170,2000000002728.jpg,11
1171,2000000000477.jpg,5
1172,2000000002035.jpg,5
1173,2000000002177.jpg,2
1174,2000000001692.jpg,3
1175,2000000002212.jpg,4
1176,2000000001471.jpg,1
1177,2000000001202.jpg,13
1178,2000000001669.jpg,9
1179,2000000002774.jpg,13
1180,2000000001970.jpg,1
1181,2000000000820.jpg,9
1182,2000000001997.jpg,5
1183,2000000002868.jpg,14
1184,2000000001248.jpg,22
1185,2000000002872.jpg,3
1186,2000000002649.jpg,4
1187,2000000001046.jpg,4
1188,2000000001888.jpg,9
1189,2000000000615.jpg,12
1190,2000000001318.jpg,5
1191,2000000002884.jpg,12
1192,2000000002460.jpg,10
1193,2000000001772.jpg,13
1194,2000000002951.jpg,9
1195,2000000000131.jpg,1
1196,2000000000077.jpg,10
1197,2000000002052.jpg,1
1198,2000000000724.jpg,12
1199,2000000001314.jpg,4
1200,2000000001851.jpg,17
1201,2000000002296.jpg,4
1202,2000000002486.jpg,10
1203,2000000001372.jpg,3
1204,2000000001855.jpg,17
1205,2000000001319.jpg,5
1206,2000000002874.jpg,14
1207,2000000002171.jpg,10
1208,2000000000375.jpg,14
1209,2000000001908.jpg,4
1210,2000000000333.jpg,9
1211,2000000002251.jpg,1
1212,2000000002736.jpg,14
1213,2000000001604.jpg,15
1214,2000000001118.jpg,5
1215,2000000002828.jpg,8
1216,2000000001943.jpg,16
1217,2000000002261.jpg,13
1218,2000000002549.jpg,1
1219,2000000001342.jpg,10
1220,2000000000320.jpg,18
1221,2000000001619.jpg,8
1222,2000000002447.jpg,11
1223,2000000002060.jpg,1
1224,2000000001673.jpg,10
1225,2000000001942.jpg,1
1226,2000000000260.jpg,10
1227,2000000002354.jpg,2
1228,2000000002039.jpg,6
1229,2000000000689.jpg,10
1230,2000000000901.jpg,9
1231,2000000002026.jpg,2
1232,2000000000138.jpg,9
1233,2000000001917.jpg,11
1234,2000000001828.jpg,4
1235,2000000001573.jpg,17
1236,2000000000319.jpg,14
1237,2000000000653.jpg,12
1238,2000000002137.jpg,2
1239,2000000002322.jpg,1
1240,2000000000558.jpg,1
1241,2000000000112.jpg,15
1242,2000000000531.jpg,7
1243,2000000000224.jpg,9
1244,2000000000723.jpg,8
1245,2000000002428.jpg,10
1246,2000000002570.jpg,2
1247,2000000001433.jpg,15
1248,2000000002329.jpg,17
1249,2000000001458.jpg,3
1250,2000000002701.jpg,12
1251,2000000000846.jpg,18
1252,2000000000193.jpg,10
1253,2000000001464.jpg,14
1254,2000000000946.jpg,8
1255,2000000002021.jpg,8
1256,2000000001629.jpg,8
1257,2000000000117.jpg,7
1258,2000000000645.jpg,14
1259,2000000001870.jpg,15
1260,2000000000003.jpg,10
1261,2000000000074.jpg,7
1262,2000000001755.jpg,15
1263,2000000000467.jpg,27
1264,2000000000005.jpg,3
1265,2000000001246.jpg,3
1266,2000000000919.jpg,14
1267,2000000000228.jpg,3
1268,2000000001063.jpg,10
1269,2000000000242.jpg,10
1270,2000000002279.jpg,15
1271,2000000001160.jpg,7
1272,2000000002513.jpg,5
1273,2000000001526.jpg,9
1274,2000000001605.jpg,12
1275,2000000002784.jpg,3
1276,2000000002666.jpg,1
1277,2000000002665.jpg,6
1278,2000000001989.jpg,18
1279,2000000002609.jpg,8
1280,2000000001975.jpg,2
1281,2000000001761.jpg,10
1282,2000000001305.jpg,12
1283,2000000001541.jpg,8
1284,2000000000622.jpg,2
1285,2000000002313.jpg,2
1286,2000000001493.jpg,13
1287,2000000000110.jpg,3
1288,2000000002487.jpg,3
1289,2000000001169.jpg,4
1290,2000000002461.jpg,1
1291,2000000000232.jpg,11
1292,2000000000066.jpg,5
1293,2000000002707.jpg,13
1294,2000000002072.jpg,4
1295,2000000002192.jpg,15
1296,2000000000536.jpg,8
1297,2000000000125.jpg,4
1298,2000000002133.jpg,5
1299,2000000001254.jpg,3
1300,2000000002484.jpg,1
1301,2000000001976.jpg,7
1302,2000000002462.jpg,12
1303,2000000002488.jpg,7
1304,2000000002075.jpg,7
1305,2000000000484.jpg,2
1306,2000000001654.jpg,2
1307,2000000002676.jpg,8
1308,2000000002550.jpg,18
1309,2000000002405.jpg,13
1310,2000000001774.jpg,8
1311,2000000000918.jpg,14
1312,2000000001646.jpg,9
1313,2000000001026.jpg,7
1314,2000000001030.jpg,2
1315,2000000000882.jpg,10
1316,2000000001335.jpg,15
1317,2000000002222.jpg,17
1318,2000000000364.jpg,15
1319,2000000002125.jpg,12
1320,2000000000027.jpg,6
1321,2000000000473.jpg,5
1322,2000000000525.jpg,3
1323,2000000000725.jpg,7
1324,2000000000055.jpg,4
1325,2000000000638.jpg,12
1326,2000000000302.jpg,5
1327,2000000002608.jpg,5
1328,2000000001276.jpg,2
1329,2000000002635.jpg,4
1330,2000000000624.jpg,14
1331,2000000002055.jpg,8
1332,2000000001280.jpg,1
1333,2000000001049.jpg,13
1334,2000000000336.jpg,4
1335,2000000000047.jpg,14
1336,2000000000106.jpg,14
1337,2000000001079.jpg,8
1338,2000000001144.jpg,8
1339,2000000002440.jpg,6
1340,2000000001836.jpg,8
1341,2000000001753.jpg,6
1342,2000000001101.jpg,2
1343,2000000001968.jpg,17
1344,2000000000523.jpg,12
1345,2000000001428.jpg,10
1346,2000000002607.jpg,5
1347,2000000000603.jpg,10
1348,2000000001489.jpg,7
1349,2000000002351.jpg,5
1350,2000000000060.jpg,19
1351,2000000002749.jpg,6
1352,2000000000671.jpg,15
1353,2000000000092.jpg,14
1354,2000000000666.jpg,18
1355,2000000001887.jpg,1
1356,2000000000280.jpg,6
1357,2000000001719.jpg,6
1358,2000000000359.jpg,2
1359,2000000000899.jpg,13
1360,2000000001935.jpg,15
1361,2000000001994.jpg,10
1362,2000000002312.jpg,10
1363,2000000000760.jpg,11
1364,2000000002158.jpg,8
1365,2000000002622.jpg,10
1366,2000000000042.jpg,13
1367,2000000002173.jpg,9
1368,2000000000204.jpg,4
1369,2000000001473.jpg,6
1370,2000000002100.jpg,12
1371,2000000000068.jpg,13
1372,2000000001875.jpg,10
1373,2000000002379.jpg,12
1374,2000000002231.jpg,18
1375,2000000000137.jpg,11
1376,2000000000796.jpg,16
1377,2000000002180.jpg,6
1378,2000000002128.jpg,10
1379,2000000000758.jpg,13
1380,2000000000541.jpg,5
1381,2000000001019.jpg,4
1382,2000000002288.jpg,10
1383,2000000000165.jpg,15
1384,2000000000248.jpg,6
1385,2000000001331.jpg,14
1386,2000000002017.jpg,11
1387,2000000000446.jpg,3
1388,2000000001358.jpg,1
1389,2000000002145.jpg,3
1390,2000000001329.jpg,8
1391,2000000002910.jpg,15
1392,2000000002150.jpg,16
1393,2000000000434.jpg,11
1394,2000000002122.jpg,1
1395,2000000000577.jpg,17
1396,2000000002984.jpg,2
1397,2000000002741.jpg,3
1398,2000000001848.jpg,10
1399,2000000000762.jpg,10
1400,2000000000388.jpg,2
1401,2000000000235.jpg,2
1402,2000000002605.jpg,4
1403,2000000001984.jpg,11
1404,2000000000267.jpg,11
1405,2000000000770.jpg,13
1406,2000000002165.jpg,13
1407,2000000000437.jpg,15
1408,2000000000673.jpg,31
1409,2000000000249.jpg,13
1410,2000000002201.jpg,3
1411,2000000001574.jpg,14
1412,2000000002142.jpg,5
1413,2000000002081.jpg,6
1414,2000000002617.jpg,6
1415,2000000002903.jpg,2
1416,2000000002739.jpg,8
1417,2000000000448.jpg,5
1418,2000000001469.jpg,2
1419,2000000000716.jpg,4
1420,2000000002398.jpg,11
1421,2000000002614.jpg,6
1422,2000000002048.jpg,3
1423,2000000001901.jpg,12
1424,2000000001168.jpg,10
1425,2000000000082.jpg,10
1426,2000000002424.jpg,15
1427,2000000001460.jpg,3
1428,2000000001893.jpg,6
1429,2000000001668.jpg,3
1430,2000000002000.jpg,4
1431,2000000000475.jpg,8
1432,2000000000517.jpg,7
1433,2000000000404.jpg,3
1434,2000000000384.jpg,10
1435,2000000002981.jpg,3
1436,2000000002152.jpg,20
1437,2000000001633.jpg,3
1438,2000000002859.jpg,13
1439,2000000000688.jpg,5
1440,2000000001240.jpg,8
1441,2000000000062.jpg,10
1442,2000000000852.jpg,8
1443,2000000002751.jpg,9
1444,2000000002476.jpg,9
1445,2000000001262.jpg,16
1446,2000000000223.jpg,5
1447,2000000002193.jpg,4
1448,2000000000373.jpg,8
1449,2000000001824.jpg,7
1450,2000000002536.jpg,11
1451,2000000002869.jpg,16
1452,2000000002597.jpg,10
1453,2000000002684.jpg,11
1454,2000000000009.jpg,2
1455,2000000001944.jpg,1
1456,2000000001838.jpg,8
1457,2000000000708.jpg,4
1458,2000000000255.jpg,11
1459,2000000001617.jpg,2
1460,2000000000389.jpg,1
1461,2000000001581.jpg,8
1462,2000000000924.jpg,18
1463,2000000002036.jpg,14
1464,2000000002403.jpg,9
1465,2000000001224.jpg,6
1466,2000000001946.jpg,8
1467,2000000000739.jpg,12
1468,2000000000040.jpg,8
1469,2000000000868.jpg,3
1470,2000000000539.jpg,1
1471,2000000002510.jpg,2
1472,2000000001371.jpg,2
1473,2000000001145.jpg,7
1474,2000000001031.jpg,16
1475,2000000000372.jpg,15
1476,2000000000667.jpg,2
1477,2000000000357.jpg,17
1478,2000000000967.jpg,1
1479,2000000001353.jpg,2
1480,2000000001035.jpg,17
1481,2000000000470.jpg,5
1482,2000000001396.jpg,8
1483,2000000002620.jpg,11
1484,2000000001549.jpg,18
1485,2000000001256.jpg,1
1486,2000000002094.jpg,9
1487,2000000001555.jpg,5
1488,2000000002589.jpg,1
1489,2000000001250.jpg,6
1490,2000000001699.jpg,8
1491,2000000001252.jpg,14
1492,2000000002780.jpg,13
1493,2000000000079.jpg,12
1494,2000000001172.jpg,5
1495,2000000000814.jpg,15
1496,2000000001852.jpg,17
1497,2000000002220.jpg,1
1498,2000000002628.jpg,4
1499,2000000002105.jpg,9
1500,2000000000133.jpg,10
1501,2000000001140.jpg,5
1502,2000000000933.jpg,4
1503,2000000000928.jpg,9
1504,2000000000823.jpg,4
1505,2000000001531.jpg,5
1506,2000000001214.jpg,1
1507,2000000000504.jpg,1
1508,2000000002964.jpg,2
1509,2000000002395.jpg,7
1510,2000000001996.jpg,17
1511,2000000001958.jpg,3
1512,2000000001384.jpg,24
1513,2000000000894.jpg,14
1514,2000000000828.jpg,6
1515,2000000002920.jpg,6
1516,2000000001683.jpg,1
1517,2000000002574.jpg,1
1518,2000000002969.jpg,13
1519,2000000002512.jpg,13
1520,2000000000652.jpg,3
1521,2000000000172.jpg,13
1522,2000000000038.jpg,13
1523,2000000002860.jpg,14
1524,2000000000713.jpg,6
1525,2000000000090.jpg,8
1526,2000000002954.jpg,7
1527,2000000001205.jpg,10
1528,2000000002585.jpg,3
1529,2000000001827.jpg,11
1530,2000000001155.jpg,5
1531,2000000001324.jpg,12
1532,2000000000216.jpg,16
1533,2000000000510.jpg,10
1534,2000000001680.jpg,20
1535,2000000000499.jpg,11
1536,2000000002548.jpg,8
1537,2000000001856.jpg,2
1538,2000000001388.jpg,4
1539,2000000001519.jpg,12
1540,2000000002386.jpg,15
1541,2000000002721.jpg,1
1542,2000000002076.jpg,8
1543,2000000001540.jpg,15
1544,2000000001217.jpg,2
1545,2000000001416.jpg,11
1546,2000000002217.jpg,18
1547,2000000002621.jpg,9
1548,2000000001676.jpg,11
1549,2000000001197.jpg,2
1550,2000000001542.jpg,11
1551,2000000000953.jpg,1
1552,2000000000750.jpg,10
1553,2000000000234.jpg,1
1554,2000000000732.jpg,17
1555,2000000002992.jpg,14
1556,2000000001156.jpg,7
1557,2000000002573.jpg,3
1558,2000000002445.jpg,19
1559,2000000001209.jpg,13
1560,2000000001065.jpg,11
1561,2000000002156.jpg,10
1562,2000000001062.jpg,7
1563,2000000001167.jpg,7
1564,2000000001492.jpg,4
1565,2000000002474.jpg,4
1566,2000000000884.jpg,15
1567,2000000000143.jpg,6
1568,2000000002942.jpg,4
1569,2000000000850.jpg,1
1570,2000000000717.jpg,12
1571,2000000002864.jpg,6
1572,2000000000264.jpg,8
1573,2000000000075.jpg,14
1574,2000000000395.jpg,1
1575,2000000002545.jpg,9
1576,2000000002224.jpg,15
1577,2000000002799.jpg,8
1578,2000000000396.jpg,8
1579,2000000001365.jpg,23
1580,2000000002500.jpg,18
1581,2000000001903.jpg,14
1582,2000000000595.jpg,1
1583,2000000002109.jpg,8
1584,2000000001296.jpg,8
1585,2000000001821.jpg,1
1586,2000000000872.jpg,17
1587,2000000002911.jpg,8
1588,2000000002326.jpg,9
1589,2000000001548.jpg,13
1590,2000000000036.jpg,15
1591,2000000002526.jpg,7
1592,2000000002143.jpg,15
1593,2000000002940.jpg,18
1594,2000000000977.jpg,9
1595,2000000001571.jpg,14
1596,2000000001122.jpg,4
1597,2000000002239.jpg,10
1598,2000000001892.jpg,2
1599,2000000000675.jpg,10
1600,2000000000728.jpg,3
1601,2000000000412.jpg,17
1602,2000000001516.jpg,9
1603,2000000001649.jpg,2
1604,2000000000825.jpg,13
1605,2000000000616.jpg,17
1606,2000000000114.jpg,9
1607,2000000000417.jpg,7
1608,2000000001625.jpg,4
1609,2000000002939.jpg,1
1610,2000000000089.jpg,10
1611,2000000002082.jpg,9
1612,2000000000753.jpg,6
1613,2000000001630.jpg,6
1614,2000000000011.jpg,2
1615,2000000002444.jpg,5
1616,2000000000284.jpg,1
1617,2000000001066.jpg,4
1618,2000000001191.jpg,1
1619,2000000001440.jpg,14
1620,2000000002801.jpg,14
1621,2000000002800.jpg,6
1622,2000000002710.jpg,3
1623,2000000001568.jpg,16
1624,2000000002427.jpg,9
1625,2000000002577.jpg,18
1626,2000000001687.jpg,10
1627,2000000000851.jpg,1
1628,2000000002207.jpg,3
1629,2000000000895.jpg,3
1630,2000000000496.jpg,10
1631,2000000002305.jpg,16
1632,2000000001782.jpg,1
1633,2000000000335.jpg,18
1634,2000000000515.jpg,18
1635,2000000001348.jpg,11
1636,2000000001015.jpg,11
1637,2000000002808.jpg,16
1638,2000000002803.jpg,8
1639,2000000001781.jpg,3
1640,2000000001785.jpg,10
1641,2000000002070.jpg,5
1642,2000000000356.jpg,1
1643,2000000002852.jpg,1
1644,2000000001312.jpg,5
1645,2000000001635.jpg,9
1646,2000000000550.jpg,9
1647,2000000002388.jpg,2
1648,2000000002479.jpg,10
1649,2000000002521.jpg,6
1650,2000000002265.jpg,11
1651,2000000001227.jpg,10
1652,2000000002822.jpg,14
1653,2000000000957.jpg,2
1654,2000000001773.jpg,5
1655,2000000002141.jpg,8
1656,2000000001008.jpg,1
1657,2000000001092.jpg,12
1658,2000000002674.jpg,16
1659,2000000000996.jpg,11
1660,2000000001679.jpg,4
1661,2000000000153.jpg,13
1662,2000000002782.jpg,2
1663,2000000000580.jpg,10
1664,2000000001470.jpg,6
1665,2000000000703.jpg,11
1666,2000000001212.jpg,1
1667,2000000000896.jpg,6
1668,2000000000487.jpg,10
1669,2000000000559.jpg,4
1670,2000000001141.jpg,9
1671,2000000001119.jpg,9
1672,2000000000512.jpg,15
1673,2000000000633.jpg,13
1674,2000000002584.jpg,11
1675,2000000001664.jpg,1
1676,2000000001012.jpg,11
1677,2000000001931.jpg,10
1678,2000000001150.jpg,7
1679,2000000002805.jpg,25
1680,2000000000116.jpg,14
1681,2000000000740.jpg,11
1682,2000000002763.jpg,8
1683,2000000001974.jpg,5
1684,2000000001081.jpg,10
1685,2000000001810.jpg,5
1686,2000000000830.jpg,11
1687,2000000000119.jpg,16
1688,2000000000656.jpg,1
1689,2000000002732.jpg,7
1690,2000000002692.jpg,2
1691,2000000002932.jpg,4
1692,2000000000635.jpg,8
1693,2000000000369.jpg,12
1694,2000000000268.jpg,11
1695,2000000000046.jpg,8
1696,2000000000991.jpg,13
1697,2000000000876.jpg,13
1698,2000000000773.jpg,13
1699,2000000001219.jpg,4
1700,2000000001126.jpg,1
1701,2000000000004.jpg,1
1702,2000000001595.jpg,11
1703,2000000002311.jpg,12
1704,2000000002491.jpg,14
1705,2000000001077.jpg,7
1706,2000000000837.jpg,13
1707,2000000000681.jpg,11
1708,2000000001715.jpg,11
1709,2000000002352.jpg,2
1710,2000000002361.jpg,17
1711,2000000002197.jpg,5
1712,2000000001148.jpg,6
1713,2000000000574.jpg,9
1714,2000000000050.jpg,8
1715,2000000000853.jpg,12
1716,2000000001982.jpg,1
1717,2000000001823.jpg,3
1718,2000000000833.jpg,10
1719,2000000001115.jpg,1
1720,2000000001166.jpg,3
1721,2000000002518.jpg,8
1722,2000000001906.jpg,21
1723,2000000000971.jpg,3
1724,2000000000399.jpg,15
1725,2000000002559.jpg,1
1726,2000000002368.jpg,9
1727,2000000000019.jpg,4
1728,2000000000684.jpg,1
1729,2000000000035.jpg,1
1730,2000000002829.jpg,34
1731,2000000000524.jpg,9
1732,2000000002455.jpg,16
1733,2000000000920.jpg,8
1734,2000000001841.jpg,6
1735,2000000001890.jpg,13
1736,2000000000537.jpg,2
1737,2000000001705.jpg,14
1738,2000000002931.jpg,8
1739,2000000000245.jpg,1
1740,2000000000784.jpg,2
1741,2000000001409.jpg,20
1742,2000000002537.jpg,18
1743,2000000000154.jpg,16
1744,2000000001686.jpg,3
1745,2000000000625.jpg,16
1746,2000000002876.jpg,7
1747,2000000001346.jpg,8
1748,2000000000569.jpg,1
1749,2000000002933.jpg,1
1750,2000000001758.jpg,10
1751,2000000001816.jpg,8
1752,2000000002065.jpg,9
1753,2000000000127.jpg,13
1754,2000000002977.jpg,6
1755,2000000002006.jpg,16
1756,2000000000980.jpg,1
1757,2000000002974.jpg,10
1758,2000000000190.jpg,10
1759,2000000001139.jpg,5
1760,2000000000992.jpg,1
1761,2000000000699.jpg,1
1762,2000000000606.jpg,14
1763,2000000000180.jpg,4
1764,2000000000301.jpg,10
1765,2000000002544.jpg,2
1766,2000000002775.jpg,9
1767,2000000001060.jpg,7
1768,2000000002819.jpg,13
1769,2000000002878.jpg,6
1770,2000000002565.jpg,1
1771,2000000001069.jpg,1
1772,2000000002524.jpg,11
1773,2000000002205.jpg,10
1774,2000000001243.jpg,2
1775,2000000000016.jpg,13
1776,2000000002980.jpg,10
1777,2000000000546.jpg,8
1778,2000000000658.jpg,3
1779,2000000002704.jpg,11
1780,2000000002735.jpg,4
1781,2000000001504.jpg,14
1782,2000000000959.jpg,10
1783,2000000002331.jpg,15
1784,2000000000797.jpg,8
1785,2000000000225.jpg,5
1786,2000000002074.jpg,14
1787,2000000001799.jpg,7
1788,2000000002485.jpg,11
1789,2000000002962.jpg,16
1790,2000000002277.jpg,17
1791,2000000002085.jpg,10
1792,2000000001693.jpg,7
1793,2000000001045.jpg,2
1794,2000000000469.jpg,15
1795,2000000000954.jpg,5
1796,2000000002976.jpg,16
1797,2000000000639.jpg,4
1798,2000000002778.jpg,11
1799,2000000001218.jpg,8
1800,2000000001158.jpg,3
1801,2000000001415.jpg,4
1802,2000000002713.jpg,10
1803,2000000001527.jpg,4
1804,2000000002921.jpg,1
1805,2000000001300.jpg,4
1806,2000000002866.jpg,2
1807,2000000001603.jpg,8
1808,2000000000160.jpg,8
1809,2000000001704.jpg,7
1810,2000000000956.jpg,8
1811,2000000002915.jpg,1
1812,2000000000877.jpg,6
1813,2000000001919.jpg,7
1814,2000000001884.jpg,6
1815,2000000002200.jpg,10
1816,2000000000098.jpg,6
1817,2000000002827.jpg,6
1818,2000000002557.jpg,2
1819,2000000000253.jpg,2
1820,2000000000103.jpg,17
1821,2000000001445.jpg,13
1822,2000000001443.jpg,11
1823,2000000001648.jpg,3
1824,2000000000586.jpg,2
1825,2000000000627.jpg,11
1826,2000000001696.jpg,5
1827,2000000002101.jpg,6
1828,2000000002199.jpg,11
1829,2000000000403.jpg,13
1830,2000000001154.jpg,13
1831,2000000002255.jpg,14
1832,2000000001682.jpg,5
1833,2000000002056.jpg,8
1834,2000000002844.jpg,4
1835,2000000000452.jpg,15
1836,2000000002301.jpg,3
1837,2000000001327.jpg,1
1838,2000000002049.jpg,8
1839,2000000000880.jpg,15
1840,2000000002918.jpg,1
1841,2000000000623.jpg,15
1842,2000000002393.jpg,14
1843,2000000002772.jpg,1
1844,2000000001787.jpg,11
1845,2000000000262.jpg,16
1846,2000000001634.jpg,14
1847,2000000001438.jpg,13
1848,2000000002198.jpg,6
1849,2000000001969.jpg,16
1850,2000000002520.jpg,2
1851,2000000001802.jpg,1
1852,2000000000640.jpg,2
1853,2000000002385.jpg,11
1854,2000000002598.jpg,10
1855,2000000002830.jpg,11
1856,2000000001959.jpg,10
1857,2000000000488.jpg,16
1858,2000000001843.jpg,13
1859,2000000001734.jpg,3
1860,2000000000146.jpg,4
1861,2000000001534.jpg,1
1862,2000000001986.jpg,4
1863,2000000001369.jpg,12
1864,2000000002450.jpg,7
1865,2000000002936.jpg,3
1866,2000000000659.jpg,8
1867,2000000001794.jpg,10
1868,2000000002511.jpg,9
1869,2000000000186.jpg,6
1870,2000000001147.jpg,4
1871,2000000000608.jpg,15
1872,2000000002191.jpg,17
1873,2000000001930.jpg,9
1874,2000000000197.jpg,13
1875,2000000002327.jpg,12
1876,2000000000293.jpg,15
1877,2000000000766.jpg,13
1878,2000000000400.jpg,7
1879,2000000000122.jpg,9
1880,2000000000202.jpg,14
1881,2000000000835.jpg,14
1882,2000000002294.jpg,5
1883,2000000001439.jpg,7
1884,2000000001733.jpg,8
1885,2000000001695.jpg,3
1886,2000000002928.jpg,4
1887,2000000001707.jpg,5
1888,2000000002913.jpg,1
1889,2000000001153.jpg,7
1890,2000000001661.jpg,2
1891,2000000002432.jpg,6
1892,2000000001759.jpg,1
1893,2000000000854.jpg,16
1894,2000000001589.jpg,10
1895,2000000002267.jpg,5
1896,2000000000641.jpg,12
1897,2000000000001.jpg,12
1898,2000000002160.jpg,2
1899,2000000000698.jpg,12
1900,2000000001636.jpg,8
1901,2000000001291.jpg,2
1902,2000000002856.jpg,3
1903,2000000002489.jpg,16
1904,2000000001520.jpg,17
1905,2000000001853.jpg,11
1906,2000000001136.jpg,10
1907,2000000002898.jpg,14
1908,2000000001631.jpg,9
1909,2000000001998.jpg,2
1910,2000000000663.jpg,7
1911,2000000000683.jpg,1
1912,2000000001257.jpg,1
1913,2000000000317.jpg,5
1914,2000000000648.jpg,18
1915,2000000001434.jpg,5
1916,2000000001479.jpg,15
1917,2000000000709.jpg,14
1918,2000000001282.jpg,8
1919,2000000001768.jpg,14
1920,2000000000972.jpg,10
1921,2000000002675.jpg,16
1922,2000000002680.jpg,11
1923,2000000001306.jpg,9
1924,2000000001400.jpg,6
1925,2000000001408.jpg,3
1926,2000000002237.jpg,4
1927,2000000001496.jpg,11
1928,2000000002038.jpg,4
1929,2000000001529.jpg,9
1930,2000000001663.jpg,11
1931,2000000001354.jpg,5
1932,2000000002924.jpg,2
1933,2000000002944.jpg,2
1934,2000000001643.jpg,8
1935,2000000001051.jpg,6
1936,2000000000795.jpg,1
1937,2000000002693.jpg,15
1938,2000000001597.jpg,8
1939,2000000002604.jpg,5
1940,2000000002729.jpg,3
1941,2000000002625.jpg,25
1942,2000000001819.jpg,1
1943,2000000001722.jpg,6
1944,2000000001183.jpg,22
1945,2000000002572.jpg,2
1946,2000000001059.jpg,12
1947,2000000000540.jpg,4
1948,2000000001678.jpg,14
1949,2000000002796.jpg,7
1950,2000000002955.jpg,4
1951,2000000002532.jpg,6
1952,2000000001757.jpg,4
1953,2000000001923.jpg,12
1954,2000000000095.jpg,12
1955,2000000001020.jpg,6
1956,2000000000563.jpg,8
1957,2000000002790.jpg,8
1958,2000000000863.jpg,8
1959,2000000001484.jpg,15
1960,2000000001881.jpg,4
1961,2000000001038.jpg,1
1962,2000000000206.jpg,4
1963,2000000000392.jpg,14
1964,2000000002842.jpg,6
1965,2000000000870.jpg,19
1966,2000000000397.jpg,6
1967,2000000002814.jpg,5
1968,2000000002882.jpg,8
1969,2000000001028.jpg,2
1970,2000000002690.jpg,16
1971,2000000001485.jpg,10
1972,2000000002660.jpg,1
1973,2000000000960.jpg,2
1974,2000000001570.jpg,6
1975,2000000002773.jpg,15
1976,2000000001895.jpg,10
1977,2000000002731.jpg,11
1978,2000000002146.jpg,7
1979,2000000000804.jpg,7
1980,2000000001751.jpg,16
1981,2000000002454.jpg,8
1982,2000000000502.jpg,2
1983,2000000000779.jpg,10
1984,2000000001863.jpg,2
1985,2000000000200.jpg,14
1986,2000000002182.jpg,9
1987,2000000002088.jpg,10
1988,2000000002278.jpg,2
1989,2000000001796.jpg,11
1990,2000000000378.jpg,8
1991,2000000002336.jpg,7
1992,2000000000418.jpg,3
1993,2000000001698.jpg,8
1994,2000000000391.jpg,11
1995,2000000002640.jpg,6
1996,2000000001522.jpg,9
1997,2000000001162.jpg,2
1998,2000000001495.jpg,9
1999,2000000002695.jpg,14
2000,2000000002027.jpg,8
2001,2000000001152.jpg,4
2002,2000000001367.jpg,14
2003,2000000002568.jpg,7
2004,2000000000064.jpg,13
2005,2000000002062.jpg,5
2006,2000000001180.jpg,7
2007,2000000000492.jpg,1
2008,2000000000379.jpg,11
2009,2000000002235.jpg,7
2010,2000000000763.jpg,14
2011,2000000002264.jpg,4
2012,2000000000791.jpg,13
2013,2000000001076.jpg,17
2014,2000000000878.jpg,14
2015,2000000000337.jpg,6
2016,2000000002767.jpg,6
2017,2000000002343.jpg,14
2018,2000000001016.jpg,5
2019,2000000001275.jpg,10
2020,2000000000455.jpg,17
2021,2000000000815.jpg,19
2022,2000000002317.jpg,5
2023,2000000000995.jpg,19
2024,2000000001981.jpg,8
2025,2000000000201.jpg,5
2026,2000000000161.jpg,7
2027,2000000001579.jpg,15
2028,2000000002777.jpg,7
2029,2000000002449.jpg,8
2030,2000000000702.jpg,11
2031,2000000001500.jpg,10
2032,2000000001129.jpg,11
2033,2000000002613.jpg,13
2034,2000000001021.jpg,1
2035,2000000001585.jpg,10
2036,2000000001955.jpg,2
2037,2000000002253.jpg,2
2038,2000000000034.jpg,4
2039,2000000000775.jpg,10
2040,2000000002556.jpg,10
2041,2000000001478.jpg,1
2042,2000000001390.jpg,9
2043,2000000002139.jpg,4
2044,2000000001363.jpg,7
2045,2000000002612.jpg,6
2046,2000000002824.jpg,1
2047,2000000002041.jpg,2
2048,2000000000241.jpg,11
2049,2000000002061.jpg,5
2050,2000000002363.jpg,6
2051,2000000000600.jpg,10
2052,2000000002435.jpg,1
2053,2000000001297.jpg,4
2054,2000000002214.jpg,4
2055,2000000002888.jpg,4
2056,2000000002068.jpg,13
2057,2000000000646.jpg,8
2058,2000000001528.jpg,15
2059,2000000002879.jpg,4
2060,2000000001267.jpg,7
2061,2000000001899.jpg,3
2062,2000000000562.jpg,5
2063,2000000002734.jpg,20
2064,2000000000189.jpg,6
2065,2000000001806.jpg,2
2066,2000000000975.jpg,2
2067,2000000002747.jpg,4
2068,2000000002047.jpg,14
2069,2000000002558.jpg,3
2070,2000000001082.jpg,13
2071,2000000000474.jpg,18
2072,2000000002904.jpg,17
2073,2000000000747.jpg,13
2074,2000000002300.jpg,3
2075,2000000000021.jpg,13
2076,2000000000459.jpg,14
2077,2000000001184.jpg,13
2078,2000000002324.jpg,7
2079,2000000000955.jpg,14
2080,2000000001215.jpg,4
2081,2000000002433.jpg,9
2082,2000000002853.jpg,1
2083,2000000001515.jpg,6
2084,2000000002391.jpg,11
2085,2000000000769.jpg,8
2086,2000000001685.jpg,10
2087,2000000000130.jpg,13
2088,2000000002919.jpg,7
2089,2000000002135.jpg,10
2090,2000000001482.jpg,10
2091,2000000000330.jpg,3
2092,2000000001238.jpg,5
2093,2000000000466.jpg,14
2094,2000000002169.jpg,14
2095,2000000001638.jpg,11
2096,2000000001095.jpg,16
2097,2000000001130.jpg,8
2098,2000000001294.jpg,8
2099,2000000000860.jpg,4
